Frame,Vehicle_ID,Center_X,Center_Y,Width,Height,Speed
4,1,920,689,184,181,10
4,2,700,382,66,60,34
4,3,1173,464,108,70,58
4,4,1194,730,107,208,87
5,1,920,688,184,181,10
5,2,701,382,64,59,10
5,3,1165,459,105,67,101
5,4,1193,728,107,206,24
6,1,920,688,181,179,0
6,2,702,382,66,59,10
6,3,1157,456,105,68,92
6,4,1194,725,106,204,34
7,1,921,686,181,178,24
7,2,702,383,69,62,10
7,3,1148,454,107,70,99
7,4,1194,724,107,203,10
8,1,920,686,182,180,10
8,2,704,384,63,59,24
8,3,1140,449,105,67,101
8,4,1195,725,108,204,15
8,7,1729,707,281,157,261
9,1,920,683,179,177,32
9,2,705,384,62,58,10
9,3,1135,445,102,66,69
9,4,1193,725,109,205,21
9,7,1707,695,277,153,270
9,9,1205,785,124,264,15
10,1,921,682,178,177,15
10,2,706,384,64,60,10
10,3,1129,441,99,65,77
10,4,1193,725,110,207,0
10,7,1684,684,275,152,275
10,9,1204,773,121,255,130
11,1,921,681,180,178,10
11,2,708,384,62,58,21
11,3,1123,437,98,63,77
11,4,1193,726,111,209,10
11,7,1660,673,271,149,285
11,9,1206,772,122,255,24
12,1,921,681,182,181,0
12,2,708,384,59,56,0
12,4,1194,726,112,209,10
12,7,1638,663,260,141,260
12,9,1207,776,126,260,44
13,1,922,680,179,178,15
13,2,708,384,61,57,0
13,4,1193,726,113,210,10
13,7,1615,653,253,135,270
13,9,1208,775,126,260,15
14,1,923,679,178,176,15
14,2,709,384,62,58,10
14,4,1192,726,113,211,10
14,7,1596,644,253,135,227
15,1,922,679,179,177,10
15,2,710,385,61,57,15
15,4,1193,725,114,210,15
15,7,1578,634,249,132,222
15,12,766,331,304,151,15
16,1,922,679,179,177,0
16,2,712,386,60,56,24
16,4,1193,724,114,210,10
16,7,1559,626,245,129,222
17,1,922,679,179,178,0
17,2,713,389,62,59,34
17,4,1193,723,114,210,10
17,7,1540,617,241,127,227
18,1,922,679,179,178,0
18,2,713,389,62,58,0
18,4,1193,724,114,211,10
18,7,1522,611,240,126,204
19,1,922,678,179,177,10
19,2,713,390,63,59,10
19,4,1193,725,115,212,10
19,7,1505,602,230,121,207
20,1,922,679,179,178,10
20,2,715,392,65,60,30
20,4,1192,724,115,211,15
20,7,1487,595,225,118,208
21,1,922,679,179,177,0
21,2,716,393,65,61,15
21,4,1193,724,115,211,10
21,7,1472,588,223,116,178
22,1,922,680,179,177,10
22,2,717,396,68,64,34
22,4,1192,724,115,210,10
22,7,1458,582,216,114,164
23,1,922,681,179,178,10
23,2,719,399,71,67,38
23,4,1192,725,115,210,10
23,7,1442,575,211,110,188
23,9,1206,772,128,259,0
23,12,750,326,279,140,24
24,1,923,681,180,178,10
24,2,721,402,69,66,38
24,4,1192,725,115,210,0
24,7,1427,570,205,107,170
24,9,1204,774,129,259,30
25,1,923,681,178,176,0
25,2,721,404,67,63,21
25,3,1035,403,88,59,68
25,4,1193,727,116,212,24
25,7,1413,564,199,104,164
25,9,1204,774,129,259,0
26,1,923,683,178,176,21
26,2,722,406,67,63,24
26,4,1193,725,115,210,21
26,7,1399,560,204,107,157
26,12,749,322,259,132,21
27,1,922,686,180,179,34
27,2,724,409,69,66,38
27,4,1193,725,114,208,0
27,7,1387,555,196,103,140
27,12,739,323,271,137,108
28,1,921,686,179,178,10
28,2,725,411,69,65,24
28,4,1192,724,113,205,15
28,7,1373,550,186,99,160
28,12,743,323,260,133,43
29,1,921,687,179,179,10
29,2,726,413,69,66,24
29,4,1191,725,113,204,15
29,7,1360,545,184,97,150
29,9,1196,790,134,269,78
29,12,743,322,257,131,10
30,1,921,689,181,180,21
30,2,726,415,69,65,21
30,4,1191,725,113,204,0
30,7,1348,539,178,94,144
30,9,1195,791,134,269,15
30,12,742,322,249,129,10
31,1,921,690,182,181,10
31,2,727,417,67,63,24
31,4,1190,727,113,205,24
31,7,1339,536,180,97,102
31,12,741,321,247,127,15
32,1,921,691,182,182,10
32,2,729,420,68,64,38
32,4,1190,727,114,205,0
32,7,1328,530,175,95,135
32,12,739,320,243,125,24
33,1,921,691,182,180,0
33,2,730,423,72,67,34
33,4,1190,725,112,203,21
33,7,1321,527,170,95,82
33,9,1193,794,133,271,32
33,12,738,319,242,125,15
34,1,921,692,180,179,10
34,2,731,426,71,67,34
34,4,1190,724,112,201,10
34,7,1314,522,159,90,92
34,9,1191,795,131,271,24
34,12,734,318,241,123,44
35,1,921,692,179,179,0
35,2,734,430,74,70,54
35,4,1190,724,111,200,0
35,7,1298,519,153,87,175
35,9,1191,797,132,272,21
35,12,732,318,239,123,21
36,1,921,692,179,178,0
36,2,735,431,74,69,15
36,4,1191,723,111,198,15
36,7,1293,514,145,84,76
36,9,1192,794,129,269,34
36,12,731,317,237,121,15
37,1,921,692,180,178,0
37,2,735,433,73,70,21
37,4,1191,722,110,196,10
37,7,1272,511,148,86,229
37,9,1193,794,128,269,10
37,12,730,316,234,120,15
38,1,921,692,179,178,0
38,2,736,433,73,69,10
38,7,1259,507,150,88,146
38,9,1193,789,125,264,54
38,12,728,316,235,120,21
39,1,921,692,180,178,0
39,2,737,433,73,68,10
39,7,1249,499,140,82,138
39,9,1192,777,119,252,130
39,12,726,316,233,120,21
40,1,920,693,181,180,15
40,2,737,434,73,69,10
40,7,1240,494,133,78,111
40,9,1193,757,112,233,216
41,1,921,691,182,181,24
41,2,739,435,76,72,24
41,7,1215,491,129,78,271
41,9,1193,758,114,235,10
42,1,920,690,184,183,15
42,2,740,436,77,74,15
42,7,1201,488,123,76,154
42,9,1192,736,105,213,237
43,1,920,690,184,183,0
43,2,741,437,78,74,15
43,7,1187,483,120,74,160
43,9,1193,728,102,206,87
44,1,920,690,181,182,0
44,2,743,437,78,73,21
44,9,1193,724,102,202,43
45,1,921,686,178,178,44
45,2,743,437,80,75,0
45,9,1193,723,104,203,10
46,1,921,686,180,179,0
46,2,744,438,81,76,15
46,4,1203,784,145,263,84
46,9,1195,727,106,207,48
47,1,921,684,177,176,21
47,2,745,439,81,76,15
47,4,1203,788,147,269,43
47,9,1193,723,106,204,48
48,1,921,682,177,176,21
48,2,745,440,83,78,10
48,4,1202,789,147,272,15
48,9,1193,724,108,207,10
49,1,921,681,179,178,10
49,2,746,441,84,79,15
49,4,1202,788,147,272,10
49,9,1192,724,109,207,10
50,1,922,680,177,177,15
50,2,746,441,84,79,0
50,4,1203,792,148,276,44
50,9,1192,724,110,208,0
51,1,922,679,178,177,10
51,2,747,442,84,79,15
51,9,1192,724,111,209,0
52,1,922,678,178,177,10
52,2,748,443,88,82,15
52,9,1192,724,111,208,0
53,1,922,678,178,177,0
53,2,748,444,89,84,10
53,9,1192,724,111,209,0
54,1,922,678,180,178,0
54,2,749,445,87,82,15
54,9,1192,725,113,210,10
55,1,922,678,180,179,0
55,2,751,446,88,82,24
55,9,1193,723,113,209,24
56,1,922,678,180,179,0
56,2,752,447,86,81,15
56,4,1201,788,145,274,24
56,9,1193,724,114,210,10
57,1,922,678,180,179,0
57,2,753,450,86,81,34
57,4,1202,788,145,275,10
57,9,1193,724,114,211,0
58,1,922,678,179,178,0
58,2,756,452,86,82,38
58,4,1205,786,144,273,38
58,9,1193,725,115,212,10
59,1,922,679,178,178,10
59,2,758,455,89,85,38
59,4,1202,783,142,270,45
59,9,1192,724,115,211,15
60,1,923,680,178,177,15
60,2,762,458,90,87,54
60,3,897,336,55,39,30
60,4,1202,782,141,269,10
60,9,1192,725,115,212,10
61,1,922,681,179,179,15
61,2,763,461,90,87,34
61,3,897,335,53,37,10
61,4,1202,776,138,261,64
61,9,1193,727,115,212,24
62,1,922,681,179,178,0
62,2,765,461,88,85,21
62,3,895,336,54,37,24
62,4,1205,780,140,265,54
62,9,1193,726,115,211,10
63,1,922,681,176,176,0
63,2,766,462,86,83,15
63,3,893,336,54,37,21
63,4,1204,781,141,266,15
63,9,1193,725,114,210,10
64,1,922,682,176,175,10
64,2,767,465,88,86,34
64,3,895,333,50,34,38
64,4,1195,744,121,228,411
64,9,1193,724,114,209,10
65,1,921,685,180,180,34
65,2,768,468,92,89,34
65,3,889,335,51,36,68
65,4,1197,776,137,258,346
65,9,1192,726,114,208,24
66,1,922,687,180,180,24
66,2,768,471,91,89,32
66,3,886,336,51,36,34
66,4,1199,787,140,267,120
66,9,1193,726,114,207,10
67,1,922,688,180,180,10
67,2,769,474,93,91,34
67,3,883,337,51,37,34
67,4,1194,750,120,229,403
67,9,1193,726,114,207,0
68,1,921,690,182,182,24
68,2,771,476,92,90,30
68,3,878,336,48,35,55
68,4,1191,733,112,211,186
69,1,921,691,180,180,10
69,2,772,478,88,85,24
69,3,874,335,47,34,44
69,4,1190,726,109,204,76
70,1,921,692,179,179,10
70,2,772,481,88,85,32
70,4,1190,723,107,200,32
71,1,921,692,179,178,0
71,2,774,482,88,85,24
71,4,1190,724,107,200,10
72,1,921,692,179,178,0
72,2,774,484,88,84,21
72,4,1192,726,110,202,30
73,1,922,692,178,177,10
73,2,776,486,90,86,30
73,4,1194,733,114,209,78
74,1,922,692,177,177,0
74,2,776,488,90,86,21
74,4,1193,731,113,207,24
74,9,1200,798,147,274,55
75,1,922,692,177,175,0
75,2,776,490,92,88,21
75,4,1193,733,115,208,21
75,9,1201,802,148,277,44
76,1,922,693,177,175,10
76,2,777,491,91,86,15
76,4,1193,732,113,207,10
76,9,1196,801,144,276,55
77,1,922,693,177,175,0
77,2,779,493,92,87,30
77,9,1194,771,128,245,324
78,1,922,693,177,175,0
78,2,780,494,94,89,15
78,9,1192,769,126,244,30
79,1,923,692,178,175,15
79,2,780,495,97,92,10
79,9,1192,788,134,263,205
80,1,923,692,178,175,0
80,2,782,496,96,91,24
80,9,1193,796,136,271,87
81,1,922,692,179,177,10
81,2,782,497,97,92,10
81,9,1193,799,136,274,32
81,12,726,333,285,144,10
82,1,923,692,180,178,10
82,2,783,498,101,96,15
82,9,1194,800,136,275,15
83,1,923,692,180,178,0
83,2,784,500,100,96,24
83,9,1194,800,134,275,0
84,1,922,692,181,179,10
84,2,785,500,99,95,10
84,9,1194,800,132,275,0
85,1,922,692,181,179,0
85,2,786,502,98,94,24
85,9,1194,800,132,275,0
86,1,922,692,179,177,0
86,2,786,503,99,95,10
86,9,1195,799,130,274,15
87,1,922,692,179,177,0
87,2,786,503,99,95,0
87,9,1195,793,127,268,64
88,1,922,691,182,180,10
88,2,787,504,101,97,15
88,9,1200,797,130,274,69
89,1,922,690,181,180,10
89,2,788,505,102,99,15
89,4,1194,730,114,208,0
89,9,1199,779,123,257,194
90,1,922,690,181,181,0
90,2,787,506,101,98,15
90,9,1198,773,121,251,65
91,1,922,689,182,181,10
91,2,789,505,101,97,24
91,9,1197,782,125,261,97
92,1,921,689,181,181,10
92,2,789,506,104,100,10
92,9,1202,791,129,269,111
93,1,921,688,181,180,10
93,2,789,506,102,100,0
93,4,1196,732,116,210,58
93,9,1203,795,132,273,44
94,1,921,687,179,179,10
94,2,789,507,103,100,10
94,4,1194,728,115,206,48
94,9,1204,790,131,268,55
95,1,921,685,179,177,21
95,2,790,508,101,99,15
95,4,1195,729,117,209,15
95,9,1205,789,132,268,15
96,1,920,685,179,178,10
96,2,790,508,101,99,0
96,4,1196,729,117,209,10
96,9,1208,789,134,268,32
97,1,921,686,180,180,15
97,2,793,509,102,100,34
97,4,1197,731,119,211,24
97,9,1210,789,135,268,21
98,1,920,686,181,181,10
98,2,793,510,101,101,10
98,4,1197,730,119,210,10
98,9,1210,791,137,270,21
99,1,920,686,182,182,0
99,2,795,511,102,101,24
99,4,1196,729,118,209,15
99,9,1206,790,137,269,44
100,1,920,686,182,183,0
100,2,795,511,103,101,0
100,4,1195,729,119,209,10
100,9,1206,790,139,269,0
101,1,920,686,181,182,0
101,2,797,512,102,101,24
101,4,1194,727,118,207,24
101,9,1203,790,139,269,32
102,1,920,686,181,182,0
102,2,799,512,102,101,21
102,4,1193,724,116,204,34
102,9,1203,791,139,270,10
103,1,920,687,183,184,10
103,2,800,512,102,100,10
103,4,1192,725,116,206,15
103,9,1198,790,137,270,55
104,1,921,687,182,184,10
104,2,800,513,103,101,10
104,4,1192,726,116,207,10
104,9,1198,790,137,270,0
105,1,921,686,182,183,10
105,2,802,513,102,100,21
105,4,1192,730,119,211,43
105,9,1199,791,137,272,15
106,1,920,687,181,183,15
106,2,802,514,102,99,10
106,4,1193,731,119,211,15
106,9,1200,791,137,270,10
107,1,921,687,178,178,10
107,2,803,516,103,99,24
107,4,1193,731,119,211,0
107,9,1196,794,137,272,54
108,1,921,688,178,179,10
108,2,802,518,105,100,24
108,4,1193,728,117,207,32
108,9,1196,796,136,274,21
109,1,920,688,179,180,10
109,2,802,519,105,101,10
109,4,1193,728,116,206,0
109,9,1199,797,136,275,34
110,1,920,689,179,181,10
110,2,803,519,105,102,10
110,4,1193,728,115,206,0
110,9,1201,798,136,275,24
111,1,920,689,179,179,0
111,2,805,521,105,101,30
111,4,1194,739,121,216,119
111,9,1204,797,137,274,34
112,1,921,690,176,176,15
112,2,807,523,107,101,30
112,4,1195,740,122,217,15
112,9,1199,793,133,270,69
113,1,921,691,175,174,10
113,2,806,528,113,107,55
113,9,1201,797,134,274,48
114,1,921,691,176,175,0
114,2,806,527,109,103,10
114,9,1200,798,134,274,15
115,1,921,691,175,174,0
115,2,805,531,111,105,44
115,9,1200,797,133,273,10
116,1,921,692,175,173,10
116,2,808,533,112,106,38
116,9,1199,797,133,272,10
117,1,922,693,176,173,15
117,2,808,535,113,107,21
117,9,1198,795,132,270,24
118,1,922,693,177,174,0
118,2,808,536,114,107,10
118,9,1197,780,124,255,162
119,1,922,694,177,174,10
119,2,808,537,115,108,10
119,9,1199,788,128,263,89
120,1,923,693,178,173,15
120,2,809,537,115,108,10
120,9,1202,793,130,268,62
121,1,923,693,181,176,0
121,2,810,539,113,107,24
121,9,1199,782,125,257,123
122,1,923,694,182,178,10
122,2,810,540,113,107,10
122,9,1198,779,124,254,34
123,1,923,694,182,179,0
123,2,809,541,115,109,15
123,9,1197,777,122,252,24
124,1,923,694,181,177,0
124,2,810,540,115,107,15
124,9,1200,792,130,267,165
125,1,922,694,179,175,10
125,2,810,540,115,108,0
125,9,1200,798,132,272,64
126,1,922,692,178,172,21
126,2,809,540,115,108,10
126,9,1201,795,132,270,34
127,1,921,692,179,174,10
127,2,809,539,115,108,10
127,9,1200,796,132,271,15
128,1,921,692,179,174,0
128,2,810,540,115,110,15
128,9,1201,797,132,272,15
129,1,921,692,178,174,0
129,2,811,540,117,111,10
129,9,1199,786,126,261,120
130,1,921,691,178,173,10
130,2,813,540,117,111,21
130,9,1196,786,125,261,32
130,12,742,337,300,153,15
131,1,921,691,178,172,0
131,2,813,540,117,111,0
131,9,1197,792,128,267,65
131,12,739,331,288,147,72
132,1,922,690,180,175,15
132,2,813,538,116,109,21
132,9,1195,773,120,250,206
132,12,738,330,287,146,15
133,1,921,690,181,178,10
133,2,813,538,114,109,0
133,9,1195,788,127,266,162
134,1,921,689,183,179,10
134,2,813,537,113,107,10
134,4,1192,728,115,207,10
134,9,1194,787,124,265,15
135,1,921,689,181,178,0
135,2,814,537,115,109,10
135,9,1194,791,127,269,43
135,12,745,323,268,138,38
136,1,922,688,180,177,15
136,2,816,538,116,110,24
136,9,1194,778,121,257,140
136,12,745,322,266,138,10
137,1,922,688,179,177,0
137,2,816,538,117,110,0
137,9,1195,788,125,267,108
137,12,743,323,265,139,24
138,1,922,687,179,175,10
138,2,817,539,118,111,15
138,4,1193,726,114,204,10
138,9,1196,790,126,268,24
138,12,745,324,259,138,24
139,1,922,688,179,176,10
139,2,818,540,118,112,15
139,4,1192,725,114,203,15
139,9,1196,790,126,268,0
139,12,741,323,257,136,44
140,1,922,688,180,177,0
140,2,818,540,119,112,0
140,4,1191,724,113,202,15
140,12,737,322,262,139,44
141,1,922,688,180,176,0
141,2,819,541,120,113,15
141,4,1191,725,114,204,10
141,12,740,321,257,136,34
142,1,922,688,179,176,0
142,2,818,541,117,111,10
142,4,1190,726,113,204,15
142,9,1198,792,128,270,10
142,12,741,320,249,131,15
143,1,922,688,179,177,0
143,2,819,542,119,111,15
143,4,1190,726,114,204,0
143,9,1198,792,128,270,0
143,12,741,320,245,131,0
144,1,923,688,180,177,10
144,2,819,542,117,110,0
144,4,1190,725,112,203,10
145,1,922,689,179,177,15
145,2,819,544,118,111,21
145,4,1189,724,113,202,15
146,1,922,690,179,176,10
146,2,819,544,120,112,0
146,4,1189,724,111,203,0
146,12,730,320,255,134,32
147,1,922,691,177,175,10
147,2,819,545,118,111,10
147,4,1189,724,111,202,0
147,12,731,321,256,133,15
148,1,922,691,177,174,0
148,2,819,547,117,110,21
148,4,1191,726,112,203,30
148,12,730,322,253,131,15
149,1,922,692,177,175,10
149,2,819,547,116,109,0
149,4,1191,733,115,209,75
149,12,729,322,252,131,10
150,1,922,692,175,174,0
150,2,818,548,117,110,15
150,4,1191,732,115,208,10
150,9,1197,796,129,272,44
151,1,922,692,175,173,0
151,2,818,547,119,111,10
151,4,1191,733,115,208,10
151,9,1194,792,127,269,54
152,1,923,691,174,171,15
152,2,819,548,119,112,15
152,9,1193,792,126,268,10
153,1,923,691,174,171,0
153,2,819,548,119,112,0
153,9,1193,794,126,270,21
153,12,719,318,243,126,24
154,1,924,691,176,172,10
154,9,1193,797,126,272,32
154,12,715,316,239,124,48
155,1,923,693,178,174,24
155,9,1193,798,125,273,10
155,12,713,315,237,123,24
156,1,923,693,179,175,0
156,2,820,549,120,114,0
156,9,1194,798,124,273,10
157,1,923,694,179,176,10
157,2,820,550,120,115,10
157,9,1194,798,124,272,0
158,1,924,693,180,176,15
158,2,820,549,119,114,10
158,9,1194,788,121,263,108
159,1,925,693,180,176,10
159,2,820,549,119,114,0
159,9,1194,786,119,261,21
160,1,925,694,178,175,10
160,2,819,548,118,113,15
160,9,1195,787,120,262,15
161,1,925,694,177,174,0
161,2,819,547,117,112,10
161,9,1195,781,117,256,64
162,1,926,694,177,174,10
162,2,820,547,118,112,10
162,9,1197,792,122,267,120
163,1,926,694,178,175,0
163,2,820,547,116,110,0
163,9,1196,794,123,269,24
164,1,927,694,180,177,10
164,2,820,548,117,111,10
164,9,1196,795,123,270,10
165,1,927,695,181,178,10
165,2,821,548,118,113,10
165,9,1196,774,114,249,226
166,1,927,695,181,180,0
166,2,821,548,118,113,0
166,9,1198,787,122,264,142
167,1,929,695,182,180,21
167,4,1195,730,115,207,21
167,9,1202,791,124,268,61
168,1,929,695,181,180,0
168,4,1194,729,115,207,15
168,9,1201,794,127,271,34
169,1,930,696,182,181,15
169,2,821,544,117,111,0
169,4,1194,727,114,206,21
169,9,1199,793,126,271,24
170,1,931,695,180,179,15
170,2,822,544,118,112,10
170,4,1194,726,115,205,10
170,9,1198,788,125,266,55
171,1,931,696,181,180,10
171,2,822,544,118,112,0
171,4,1195,728,116,207,24
171,9,1204,784,125,262,77
172,1,932,696,182,181,10
172,2,821,545,119,114,15
172,4,1194,728,117,207,10
172,9,1203,787,129,265,34
173,1,934,697,182,180,24
173,2,822,545,120,115,10
173,4,1194,727,117,207,10
173,9,1203,788,130,267,10
174,1,935,698,180,179,15
174,2,822,545,118,115,0
174,4,1192,726,117,207,24
174,9,1203,788,131,267,0
174,27,631,298,34,26,10
175,1,937,699,181,179,24
175,2,822,545,120,115,0
175,4,1192,725,117,207,10
175,27,631,298,35,26,0
176,1,938,699,181,179,10
176,2,823,545,119,115,10
176,4,1191,724,117,207,15
177,1,940,706,186,185,78
177,2,823,546,118,114,10
177,4,1191,724,117,207,0
177,28,824,543,118,113,10
178,1,941,707,188,185,15
178,2,823,547,118,114,10
178,4,1191,724,116,206,0
179,1,943,711,188,185,48
179,2,823,548,119,115,10
179,4,1190,724,116,206,10
180,1,944,714,189,186,34
180,2,823,547,118,114,10
180,4,1190,723,114,205,10
181,1,945,717,191,188,34
181,2,823,547,118,114,0
181,4,1190,723,114,205,0
182,1,947,721,194,192,48
182,2,825,547,117,113,21
182,4,1189,722,113,204,15
183,1,948,724,197,194,34
183,2,826,548,118,113,15
183,4,1190,723,114,205,15
184,1,953,726,197,193,58
184,2,826,548,117,113,0
184,4,1191,723,114,205,10
185,1,956,730,200,196,54
185,2,825,552,120,116,44
185,4,1192,725,115,208,24
185,9,1205,791,136,272,30
186,1,958,734,200,197,48
186,2,826,555,124,119,34
186,4,1191,727,115,208,24
186,9,1202,787,134,266,54
187,1,960,738,202,199,48
187,2,826,553,121,117,21
187,4,1191,727,114,206,0
187,9,1202,786,134,265,10
188,1,962,742,203,200,48
188,2,826,554,120,116,10
188,4,1191,727,114,206,0
189,1,963,746,203,200,44
189,2,825,554,118,114,10
189,4,1191,727,113,205,0
190,1,965,749,206,203,38
190,2,824,554,116,113,10
190,4,1193,728,114,205,24
191,1,966,754,209,207,55
191,2,824,553,115,111,10
191,4,1194,755,126,231,291
192,1,969,759,211,209,62
192,2,826,553,114,110,21
192,4,1194,743,121,219,129
193,1,973,764,213,210,69
193,2,826,554,115,111,10
193,4,1196,741,120,217,30
194,1,975,768,215,213,48
194,2,827,555,116,112,15
194,4,1196,740,119,215,10
195,1,980,773,214,211,76
195,2,828,555,116,112,10
195,4,1196,739,119,215,10
195,27,640,323,38,27,21
196,1,983,777,214,212,54
196,2,829,555,115,111,10
196,4,1198,740,120,216,24
196,27,640,322,37,26,10
197,1,987,783,218,215,77
197,2,829,557,117,113,21
197,4,1197,741,120,217,15
197,27,640,323,38,26,10
198,1,991,791,223,220,96
198,2,828,558,116,112,15
198,4,1196,740,119,215,15
198,27,640,324,37,26,10
199,1,995,796,225,223,69
199,2,829,559,116,113,15
199,4,1196,741,119,216,10
200,1,999,801,227,226,69
200,2,830,561,118,115,24
200,4,1196,737,117,212,43
201,1,1002,806,230,229,62
201,2,832,571,127,125,110
201,4,1196,736,117,212,10
201,27,643,324,41,28,15
202,1,1016,812,234,231,164
202,2,835,574,130,127,45
202,4,1196,735,116,211,10
202,27,644,323,41,27,15
203,1,1022,818,240,235,91
203,2,836,574,128,126,10
203,4,1197,735,116,210,10
203,27,644,323,41,26,0
204,1,1028,825,246,238,99
204,2,837,575,128,126,15
204,4,1197,735,117,210,0
204,27,646,323,42,26,21
205,1,1031,832,251,244,82
205,2,839,576,130,126,24
205,4,1198,735,117,210,10
205,27,647,323,45,28,10
206,1,1034,839,257,248,82
206,2,838,576,129,127,10
206,4,1199,736,118,211,15
206,27,648,323,44,27,10
207,1,1038,845,258,250,77
207,2,839,575,130,127,15
207,4,1200,742,121,217,65
208,1,1041,856,261,254,123
208,2,841,576,130,126,24
208,4,1198,742,120,218,21
209,1,1047,866,266,259,125
209,2,841,575,128,125,10
209,4,1197,745,123,222,34
209,27,650,325,50,31,15
210,1,1052,874,269,262,101
210,2,842,576,130,126,15
210,4,1197,746,123,223,10
210,27,651,325,46,29,10
211,1,1061,882,274,268,130
211,2,842,575,129,125,10
211,27,651,325,42,26,0
212,1,1065,889,277,272,87
212,2,845,576,130,125,34
212,27,652,328,43,27,34
213,1,1077,902,289,285,191
213,2,845,577,129,124,10
213,4,1195,778,139,256,43
213,27,653,328,46,28,10
214,1,1082,915,293,289,150
214,2,847,580,133,127,38
214,4,1203,795,147,273,202
214,27,654,329,46,29,15
214,28,1084,914,295,285,140
215,1,1088,922,296,292,99
215,2,849,581,134,128,24
215,4,1204,800,150,278,55
215,27,654,332,45,28,32
216,2,850,581,134,127,10
216,9,1106,940,263,421,89
216,27,655,333,45,28,15
217,2,852,585,137,129,48
217,9,1109,952,275,424,133
217,27,657,333,53,33,21
218,2,855,586,136,128,34
218,9,1116,965,274,409,159
218,27,658,334,54,33,15
219,2,857,590,139,132,48
219,9,1124,979,294,435,174
219,27,658,334,52,33,0
220,2,859,592,139,132,30
220,9,1133,995,317,469,198
220,27,658,335,56,36,10
221,2,861,594,139,131,30
221,9,1142,1018,334,499,266
221,27,657,337,53,34,24
222,2,864,597,139,130,45
222,9,1154,1035,345,517,224
222,27,658,338,54,34,15
223,2,866,599,141,132,30
223,9,1155,1044,351,526,97
224,1,1180,1066,379,380,222
224,2,870,603,142,132,61
225,1,1189,1078,386,387,162
225,2,870,606,144,133,32
226,2,872,610,145,135,48
226,9,1207,1074,372,556,167
227,2,874,613,145,136,38
227,9,1221,1078,376,558,157
228,2,875,616,144,135,34
228,9,1226,1079,382,559,55
229,2,877,620,149,139,48
229,4,1195,802,139,278,86
230,2,881,623,150,138,54
230,4,1196,756,118,231,496
231,2,882,627,149,137,44
231,4,1197,737,110,212,205
232,2,885,631,151,138,54
232,4,1195,734,109,209,38
232,27,670,353,49,32,24
233,2,888,636,152,140,62
233,4,1196,739,112,214,55
233,27,670,354,49,32,10
233,28,1281,1079,333,281,195
234,2,890,641,157,144,58
234,4,1196,777,130,252,410
234,27,671,355,50,32,15
234,28,1297,1079,337,272,172
235,2,893,644,159,146,45
235,4,1195,779,131,254,24
235,27,671,356,52,33,10
235,28,1318,1079,336,256,226
236,2,897,647,162,147,54
236,4,1196,789,133,263,108
236,27,670,357,53,34,15
236,28,1331,1079,328,240,140
237,2,899,650,164,150,38
237,4,1196,794,135,267,54
237,27,671,357,52,33,10
237,28,1344,1079,320,229,140
238,2,901,654,167,152,48
238,4,1196,788,131,261,64
238,27,671,358,52,34,10
239,2,904,657,169,154,45
239,4,1197,798,134,272,108
239,27,671,358,54,35,0
240,2,906,661,173,158,48
240,4,1198,800,134,275,24
240,27,672,359,58,38,15
241,2,910,664,176,160,54
241,4,1198,799,133,275,10
241,27,673,360,62,42,15
242,2,913,668,178,162,54
242,4,1199,763,118,239,388
242,27,674,359,62,41,15
243,2,915,672,181,164,48
243,4,1199,752,112,228,118
243,27,675,359,60,42,10
244,2,920,677,182,166,76
244,4,1199,744,111,221,86
244,27,675,360,61,43,10
245,2,922,682,185,169,58
245,4,1199,741,109,218,32
245,27,675,360,63,44,0
246,2,928,691,190,174,116
246,4,1200,739,110,216,24
246,27,676,360,60,43,10
247,2,934,697,192,177,91
247,4,1200,746,114,222,75
247,27,678,360,58,41,21
248,2,937,701,193,178,54
248,4,1200,742,112,218,43
248,27,678,361,57,40,10
249,2,940,705,193,178,54
249,4,1199,738,111,214,44
249,27,679,362,64,46,15
250,2,948,712,196,181,114
250,4,1199,737,111,212,10
250,27,679,363,65,48,10
251,2,955,717,196,181,92
251,4,1199,736,112,212,10
251,27,680,363,63,47,10
252,2,961,726,205,189,116
252,4,1198,735,112,211,15
252,27,681,364,64,48,15
253,2,966,734,209,193,101
253,4,1197,735,113,211,10
253,27,682,367,64,49,34
254,2,971,742,211,196,101
254,4,1196,735,113,211,10
254,27,682,368,67,52,10
255,2,978,750,210,195,114
255,4,1196,735,113,211,0
255,27,683,370,65,51,24
256,2,984,757,212,196,99
256,4,1196,732,112,208,32
256,27,684,373,67,53,34
257,2,991,767,219,203,131
257,4,1195,728,110,204,44
257,27,686,377,69,56,48
258,2,998,775,220,204,114
258,4,1195,728,110,204,0
258,27,686,377,70,57,0
259,2,1005,786,228,212,140
259,4,1194,730,111,206,24
259,27,687,380,73,61,34
260,2,1016,795,233,215,153
260,4,1194,730,112,206,0
260,27,688,380,72,60,10
261,2,1025,804,237,218,137
261,4,1192,731,112,206,24
261,27,688,380,69,59,0
262,2,1031,809,237,217,84
262,4,1191,732,113,207,15
262,27,690,383,61,52,38
263,2,1036,820,244,224,130
263,4,1191,731,112,205,10
263,27,691,387,56,47,44
264,2,1042,835,251,232,174
264,27,691,389,59,49,21
265,2,1048,843,254,235,108
265,27,692,391,62,52,24
266,27,694,392,63,53,24
267,27,695,393,62,53,15
268,9,1100,888,281,356,140
268,27,697,394,58,50,24
269,9,1095,897,274,341,111
269,27,698,397,61,51,34
270,9,1101,915,305,383,204
270,27,700,400,64,53,38
271,1,683,379,47,44,341
271,9,1107,932,318,407,194
271,27,701,402,61,51,24
272,1,700,401,59,55,300
272,9,1115,947,329,427,183
272,27,702,402,63,52,10
273,1,701,402,61,55,15
273,9,1130,963,338,444,236
273,27,704,404,62,53,30
274,1,701,401,59,54,10
274,9,1140,980,346,461,213
274,27,705,403,62,52,15
275,9,1145,992,358,476,140
275,27,705,403,64,54,0
276,9,1161,1027,373,507,415
276,27,706,405,68,58,24
277,1,708,405,48,42,24
277,9,1167,1042,385,524,174
277,27,707,406,63,54,15
278,2,1188,1057,392,383,214
278,27,709,407,62,52,24
279,2,1197,1072,401,393,188
279,27,710,408,65,54,15
280,9,1215,1079,399,556,174
280,27,711,408,64,53,10
281,1,711,408,66,57,15
281,9,1229,1079,401,557,151
281,27,711,408,64,54,0
282,9,1244,1079,401,558,162
282,27,711,408,67,57,0
283,9,1254,1079,411,559,108
283,27,712,407,68,58,15
284,4,1195,732,114,208,21
284,27,712,408,67,57,10
284,28,1269,1076,413,302,48
285,4,1195,737,117,213,54
285,27,713,409,66,56,15
285,28,1284,1075,413,298,162
286,4,1195,735,117,211,21
286,27,713,410,67,58,10
286,28,1275,1076,398,294,97
287,4,1196,733,116,208,24
287,27,714,411,67,57,15
287,28,1273,1075,400,295,24
288,4,1196,731,115,206,21
288,27,716,412,66,56,24
289,4,1196,730,115,206,10
289,27,716,411,65,55,10
290,4,1196,730,115,208,0
290,27,718,411,66,56,21
291,4,1195,727,115,206,34
291,27,719,411,65,54,10
292,4,1195,726,115,205,10
292,27,721,413,68,57,30
293,1,722,413,71,60,10
293,4,1195,726,115,206,0
293,27,722,414,70,57,15
294,4,1195,725,115,205,10
294,27,722,415,71,58,10
295,4,1195,725,115,205,0
295,27,724,417,72,60,30
296,4,1196,725,114,205,10
296,27,725,418,74,61,15
296,49,1200,796,134,276,15
297,4,1195,724,115,204,15
297,27,726,421,75,63,34
297,49,1201,795,133,274,15
298,4,1195,728,117,209,43
298,27,727,423,77,65,24
298,49,1201,794,134,273,10
299,4,1195,727,116,207,10
299,27,729,424,78,65,24
300,4,1194,727,117,207,10
300,27,730,426,77,65,24
301,4,1194,727,117,207,0
301,27,732,430,78,66,48
301,49,1196,796,132,275,24
302,1,732,432,81,70,15
302,27,734,432,76,65,30
302,49,1195,764,118,242,345
303,27,736,435,78,67,38
303,49,1195,755,113,232,97
304,27,737,437,78,68,24
304,49,1195,757,113,233,21
305,27,738,440,79,69,34
305,49,1195,739,106,214,194
306,27,740,442,79,69,30
306,49,1194,731,104,207,87
307,4,1199,793,145,270,38
307,27,740,445,83,73,32
307,49,1194,727,103,203,43
308,4,1204,797,146,273,69
308,27,741,447,83,72,24
308,49,1195,733,107,209,65
309,1,743,449,81,71,24
309,2,1844,739,128,119,191
309,4,1202,797,144,273,21
309,27,741,449,84,73,21
309,49,1195,729,104,205,43
310,1,745,451,82,72,30
310,2,1833,742,148,131,123
310,4,1200,800,144,276,38
310,27,745,451,82,70,48
311,1,748,454,81,69,45
311,2,1818,745,170,144,165
311,4,1199,798,142,273,24
311,27,748,454,80,69,45
312,1,749,456,81,69,24
312,2,1802,747,193,156,174
312,4,1197,799,141,274,24
312,27,749,456,81,68,24
313,2,1788,750,218,170,154
313,4,1197,800,139,275,10
313,27,751,459,84,71,38
314,2,1774,747,236,177,154
314,4,1199,800,138,275,21
314,27,752,462,85,72,34
315,2,1760,732,243,173,221
315,4,1198,798,137,273,24
315,27,754,464,88,75,30
316,2,1746,716,247,166,229
316,4,1197,797,135,272,15
316,27,756,466,89,76,30
317,2,1721,700,247,158,320
317,4,1197,796,133,271,10
317,27,761,467,88,74,55
318,1,763,469,87,75,38
318,2,1691,686,251,155,357
318,4,1197,797,133,272,10
318,27,761,469,85,73,21
319,2,1665,673,243,146,313
319,4,1198,798,133,273,15
319,27,764,471,87,74,38
320,2,1637,662,242,142,324
320,4,1199,798,132,273,10
320,27,767,474,87,73,45
321,2,1610,650,237,136,319
321,4,1197,782,125,258,174
321,27,769,475,87,73,24
322,2,1585,637,233,131,304
322,4,1196,750,112,228,345
322,27,771,476,88,74,24
323,2,1561,626,228,126,285
323,4,1194,747,111,225,38
323,27,771,478,89,74,21
324,2,1538,617,225,123,266
324,4,1195,775,124,254,302
324,27,773,481,91,76,38
325,2,1516,606,223,120,265
325,4,1195,760,118,239,162
325,27,774,484,93,78,34
326,2,1495,597,217,117,246
326,4,1194,738,109,218,237
326,27,776,486,93,78,30
327,2,1476,588,214,114,227
327,4,1194,729,105,209,97
327,27,778,488,93,78,30
328,2,1456,578,206,109,241
328,4,1194,726,106,206,32
328,27,781,490,94,79,38
329,2,1438,571,203,107,208
329,4,1195,725,106,204,15
329,27,783,494,98,83,48
329,49,1198,793,137,274,32
330,2,1421,562,198,105,207
330,4,1195,724,107,205,10
330,27,785,497,101,85,38
331,2,1404,554,193,102,202
331,4,1196,724,109,207,10
331,27,788,501,104,88,54
332,2,1387,546,189,100,202
332,4,1196,724,110,208,0
332,27,790,503,105,88,30
332,49,1209,784,140,268,38
333,2,1370,538,184,97,202
333,4,1195,725,112,210,15
333,27,794,507,108,92,61
333,49,1207,781,141,266,38
334,2,1356,531,178,94,169
334,4,1194,724,113,210,15
334,27,797,511,112,95,54
334,49,1207,779,141,265,21
335,2,1344,525,175,93,144
335,4,1194,724,113,209,0
335,27,801,515,114,97,61
335,49,1205,781,141,266,30
336,2,1332,519,169,90,144
336,4,1194,725,114,210,10
336,27,802,517,115,97,24
336,49,1203,785,143,270,48
337,2,1317,513,164,88,174
337,4,1193,724,113,209,15
337,27,805,521,114,97,54
337,49,1202,785,142,270,10
338,2,1301,508,164,88,181
338,4,1193,723,114,208,10
338,27,809,526,118,100,69
338,49,1200,787,143,272,30
339,2,1287,499,155,83,179
339,4,1193,725,115,211,21
339,27,812,529,118,100,45
339,49,1201,781,139,266,65
340,1,815,532,120,102,45
340,2,1274,495,155,84,146
340,4,1193,726,115,212,10
340,27,816,534,119,101,69
340,49,1202,781,140,266,10
341,1,819,539,123,104,87
341,2,1262,487,143,77,155
341,4,1193,726,115,212,0
341,27,818,536,119,100,30
342,1,823,544,124,106,69
342,2,1252,483,141,76,116
342,4,1192,725,115,209,15
342,27,822,539,118,99,54
343,1,826,552,127,110,92
343,2,1239,479,138,74,146
343,4,1194,727,115,210,30
343,27,824,543,119,101,48
344,1,829,556,125,110,54
344,2,1228,475,136,73,126
344,4,1195,728,116,210,15
344,49,1202,787,139,268,10
345,1,830,559,127,111,34
345,2,1218,471,135,73,116
345,4,1195,735,119,217,75
345,49,1205,787,140,268,32
345,51,1226,474,132,70,68
346,1,835,565,131,114,84
346,2,1204,468,132,73,154
346,4,1195,736,119,217,10
346,49,1209,788,142,269,44
347,1,838,569,133,116,54
347,2,1193,462,125,69,135
347,27,841,572,138,117,45
347,49,1208,788,142,269,10
348,1,843,574,134,117,76
348,2,1186,459,124,68,82
348,27,844,576,138,119,54
348,49,1208,789,144,270,10
349,1,847,580,135,117,77
349,2,1177,456,122,68,102
349,4,1194,729,117,210,30
349,27,847,579,137,118,45
349,49,1204,789,144,269,43
350,1,850,585,137,119,62
350,2,1169,453,118,66,92
350,4,1193,727,115,206,24
350,27,852,584,137,117,76
350,49,1199,790,142,269,55
351,2,1157,450,119,67,133
351,4,1193,725,114,204,21
351,27,858,590,139,119,91
351,49,1198,790,141,269,10
352,2,1148,447,118,66,102
352,4,1194,725,114,203,10
352,27,862,594,139,118,61
352,49,1200,795,143,273,58
353,2,1140,443,114,65,96
353,4,1195,725,114,202,10
353,27,866,599,141,119,69
353,49,1202,796,142,273,24
354,1,869,603,138,120,91
354,2,1130,441,114,66,110
354,4,1196,745,124,222,216
354,27,871,606,144,122,92
354,49,1207,797,144,274,55
355,1,872,607,139,121,54
355,2,1123,439,113,65,78
355,4,1196,746,125,223,10
355,27,876,611,144,122,76
355,28,1813,745,211,192,151
355,49,1205,797,143,274,21
356,1,879,617,143,124,131
356,2,1114,434,107,63,111
356,4,1195,743,122,220,34
356,27,880,618,147,124,87
356,28,1802,742,234,210,123
356,49,1202,797,141,274,32
357,1,883,622,144,125,69
357,2,1104,430,105,61,116
357,4,1195,744,122,221,10
357,27,885,625,151,127,92
357,28,1788,739,261,225,154
357,49,1199,797,140,273,32
358,2,1098,427,103,59,72
358,27,890,632,156,131,92
358,28,1772,740,282,239,173
358,49,1197,784,132,260,142
359,2,1089,424,96,55,102
359,27,894,640,163,137,96
359,28,1755,731,289,238,207
359,49,1196,754,117,229,324
360,2,1083,414,86,49,125
360,27,899,647,167,141,92
360,28,1740,744,323,261,214
360,49,1196,743,113,218,118
361,1,905,655,168,144,125
361,2,1076,411,87,49,82
361,27,904,653,170,143,84
361,28,1725,745,341,269,162
361,49,1195,734,109,210,97
361,53,1725,746,344,268,165
362,1,911,663,174,149,108
362,2,1069,409,89,50,78
362,27,911,662,176,149,123
362,28,1714,743,355,279,120
362,49,1195,728,108,206,64
362,53,1713,736,344,265,168
363,1,918,669,178,151,99
363,2,1061,406,86,49,92
363,27,915,668,179,151,77
363,49,1194,726,109,204,24
363,53,1699,736,361,275,151
364,1,925,676,180,154,106
364,2,1054,405,94,54,76
364,49,1193,728,109,206,24
364,53,1687,719,358,267,224
365,1,931,688,187,162,144
365,2,1046,401,93,53,96
365,49,1193,728,110,206,0
365,53,1675,702,353,256,224
366,1,937,696,189,163,108
366,2,1040,392,81,46,116
366,49,1194,730,112,208,24
366,53,1653,684,348,246,306
367,1,942,703,193,166,92
367,2,1037,393,82,47,34
367,49,1195,729,112,209,15
367,53,1623,669,344,237,362
368,1,955,713,197,169,177
368,2,1031,391,79,46,68
368,49,1194,729,113,208,10
368,53,1593,655,339,228,357
369,1,961,721,201,172,108
369,2,1028,387,74,43,54
369,49,1195,727,112,206,24
369,53,1575,645,335,225,222
369,54,1563,640,420,219,343
370,1,972,735,209,179,192
370,2,1027,386,71,43,15
370,49,1196,728,113,208,15
370,54,1536,625,402,210,333
371,1,981,745,213,185,145
371,2,1021,383,69,42,72
371,49,1197,728,114,208,10
371,54,1512,614,395,207,285
372,1,989,757,219,190,155
372,49,1197,728,114,209,0
372,54,1488,600,374,196,300
373,1,998,769,228,198,162
373,49,1197,728,114,209,0
373,54,1461,590,359,189,310
374,1,1009,784,235,204,200
374,49,1196,728,114,209,10
374,54,1440,578,345,182,261
375,1,1024,797,242,208,214
375,49,1196,729,116,210,10
375,54,1421,570,337,179,222
376,1,1032,805,246,211,122
376,49,1196,730,116,211,10
376,54,1402,560,322,173,231
377,1,1040,815,250,216,138
377,49,1196,729,116,211,10
377,54,1384,553,315,171,208
378,54,1363,543,305,166,251
379,53,1349,536,244,161,331
380,2,959,363,67,40,61
380,53,1328,527,241,156,246
381,2,957,364,69,40,24
381,53,1311,519,236,151,202
382,2,954,364,72,43,32
382,4,1103,917,256,386,194
382,53,1296,513,233,148,174
383,2,947,364,73,45,75
383,4,1099,925,261,394,96
383,53,1281,508,234,148,170
384,2,941,362,69,42,68
384,53,1266,502,226,144,174
385,2,937,365,73,46,54
385,53,1250,497,223,141,181
386,2,934,363,73,45,38
386,53,1238,492,217,137,140
387,2,931,363,72,45,32
387,53,1226,485,209,131,150
388,1,1198,1063,429,381,227
388,2,926,362,72,45,55
388,53,1214,478,201,126,150
389,4,1218,1074,372,552,285
389,53,1203,473,194,122,130
390,4,1223,1079,382,558,76
390,53,1192,472,196,123,119
391,51,768,369,339,174,58
391,53,1180,470,194,123,131
392,49,1192,729,112,202,24
392,51,759,367,344,176,99
392,53,1168,467,190,121,133
392,56,925,476,687,282,123
393,2,904,354,65,41,92
393,49,1192,729,112,202,0
393,51,762,362,336,172,62
393,53,1159,462,183,118,111
393,56,922,469,662,273,82
394,2,901,353,64,41,34
394,49,1191,734,115,207,55
394,51,762,359,328,167,32
394,53,1151,457,181,117,101
394,56,916,466,653,269,72
395,2,899,349,59,39,48
395,28,1297,1079,379,277,159
395,49,1191,735,115,208,10
395,51,761,356,325,163,34
395,53,1141,452,177,114,120
396,2,898,347,57,38,24
396,51,753,354,328,165,89
396,53,1130,449,174,114,123
397,2,896,345,53,35,30
397,53,1120,445,169,111,116
398,2,893,340,49,33,62
398,49,1196,792,140,266,10
398,53,1109,443,169,111,120
399,2,889,337,46,30,54
399,49,1195,794,139,268,24
399,53,1101,441,166,110,89
400,2,886,334,46,30,45
400,49,1196,799,139,273,55
400,53,1093,431,155,102,138
401,2,882,331,44,28,54
401,49,1196,801,139,276,21
401,51,756,340,298,149,45
401,53,1085,424,149,99,114
402,2,878,333,51,33,48
402,49,1195,800,137,276,15
402,51,751,337,298,149,62
402,53,1078,420,148,98,87
403,2,876,332,52,34,24
403,49,1195,799,135,276,10
403,53,1067,414,143,95,135
404,2,873,330,52,34,38
404,49,1195,800,135,277,10
404,53,1063,413,144,96,44
405,27,1063,409,121,94,78
405,49,1195,798,134,277,21
405,53,1058,411,143,96,58
406,27,1055,408,125,96,87
406,49,1195,796,132,276,21
406,53,1050,406,140,94,101
407,27,1054,402,124,96,65
407,49,1195,758,116,239,410
408,27,1035,403,127,96,205
408,49,1196,757,115,238,15
408,51,744,334,288,147,38
409,2,852,322,49,33,48
409,27,1029,399,125,96,77
409,49,1196,738,109,220,205
409,51,738,332,289,149,68
409,53,1025,398,138,94,96
410,4,1205,788,163,271,162
410,27,1023,397,125,97,68
410,49,1195,728,105,211,108
410,51,738,329,281,145,32
411,4,1205,785,158,269,32
411,27,1016,392,122,94,92
411,49,1196,725,106,209,34
411,51,740,325,274,142,48
412,4,1206,786,156,270,15
412,27,1008,394,125,97,89
412,49,1195,724,107,208,15
412,51,735,323,275,142,58
413,4,1206,788,155,273,21
413,27,1002,391,121,96,72
413,49,1195,728,109,213,43
413,51,732,320,273,141,45
413,53,1002,392,135,96,84
414,4,1203,786,151,270,38
414,27,997,390,122,96,55
414,49,1195,726,109,211,21
414,51,731,319,269,139,15
414,53,996,392,135,99,64
415,4,1201,782,147,266,48
415,27,991,383,114,90,99
415,49,1195,725,110,210,10
415,51,734,317,258,133,38
415,53,989,389,134,98,82
416,4,1204,784,147,268,38
416,27,984,383,117,92,75
416,49,1194,725,110,210,10
416,51,738,316,250,129,44
416,53,983,382,126,92,99
417,1,1836,742,152,132,198
417,4,1202,787,147,271,38
417,27,978,380,116,91,72
417,49,1194,727,111,211,21
417,51,739,314,246,126,24
417,53,978,380,123,91,58
418,1,1819,739,171,140,186
418,4,1201,789,146,273,24
418,49,1194,730,114,214,32
418,51,738,312,242,124,24
418,53,971,377,121,90,82
419,1,1797,740,198,153,237
419,4,1202,789,146,273,10
419,49,1194,729,113,213,10
419,51,726,312,255,131,129
419,53,968,377,118,89,32
420,1,1776,744,227,168,230
420,4,1203,788,145,272,15
420,49,1194,728,113,212,10
420,51,724,310,253,129,30
420,53,961,375,115,88,78
421,1,1758,734,248,173,222
421,4,1208,788,145,270,54
421,49,1195,729,114,211,15
421,53,955,372,114,87,72
422,1,1741,714,258,166,283
422,4,1208,789,146,271,10
422,49,1196,733,116,215,44
423,1,1711,695,265,163,383
423,4,1208,786,143,267,32
423,49,1196,728,114,210,54
423,51,733,309,237,122,15
424,1,1674,677,260,152,444
424,4,1207,786,144,266,10
424,49,1195,728,113,209,10
425,1,1635,661,258,146,455
425,4,1207,787,144,267,10
425,49,1195,727,114,207,10
426,1,1600,644,255,141,420
426,4,1207,786,144,265,10
426,49,1194,727,113,207,10
427,1,1566,632,252,137,389
427,4,1201,791,144,269,84
427,49,1193,725,113,204,24
428,1,1535,616,240,128,376
428,4,1197,792,143,270,44
428,49,1192,725,113,203,10
428,53,923,367,105,82,68
429,1,1507,603,237,126,333
429,4,1197,792,142,269,0
429,49,1192,724,113,203,10
429,53,922,365,99,79,24
430,1,1478,592,222,116,334
430,49,1192,726,113,203,21
430,53,918,363,98,77,48
430,56,1520,606,272,114,188
431,1,1452,583,224,116,297
431,49,1194,743,121,219,184
432,1,1429,573,216,112,270
432,49,1194,735,116,210,86
432,51,767,370,362,184,54
433,1,1405,564,213,111,276
433,4,1197,795,142,271,10
433,49,1193,750,124,225,162
433,51,777,369,356,179,108
433,53,907,366,99,81,55
434,1,1383,554,204,105,260
434,49,1193,761,128,236,118
434,51,770,367,360,179,78
434,53,907,356,88,72,108
435,1,1361,544,199,103,260
435,49,1193,782,138,257,226
435,51,772,363,346,170,48
435,53,903,354,86,71,48
436,1,1345,536,188,97,193
436,49,1193,791,141,266,97
436,51,762,360,345,169,112
436,53,896,351,82,69,82
437,1,1331,528,180,94,174
437,49,1195,795,141,270,48
437,51,759,359,339,166,34
437,53,892,348,80,67,54
438,1,1309,518,174,90,260
438,49,1196,777,131,251,194
438,51,758,355,333,162,44
438,53,888,345,80,67,54
439,28,1316,514,130,94,140
439,49,1196,784,133,258,75
439,51,756,355,338,164,21
439,53,885,345,81,69,32
440,28,1305,506,122,88,146
440,49,1195,787,134,261,34
440,51,753,350,338,165,62
440,53,882,341,79,67,54
441,1,1258,500,166,87,183
441,28,1299,495,117,84,135
441,49,1195,791,135,264,43
441,51,752,350,341,165,10
441,53,877,337,75,64,69
442,1,1243,490,155,81,194
442,49,1195,771,125,245,216
442,53,874,335,74,63,38
443,1,1229,486,153,81,157
443,49,1195,743,113,219,302
443,53,871,333,74,62,38
444,1,1210,477,148,78,227
444,27,867,331,75,61,44
444,49,1194,736,111,213,76
444,53,867,331,72,62,48
445,49,1195,734,110,211,24
446,4,1194,749,119,228,509
447,4,1193,731,111,210,194
448,4,1193,725,107,204,64
448,28,1176,455,108,75,125
448,49,1197,758,122,237,302
449,28,1159,449,109,73,194
449,49,1196,739,115,221,205
450,28,1147,445,110,74,136
450,49,1195,732,113,215,76
450,53,847,319,69,60,44
451,28,1139,439,106,70,108
451,49,1196,739,116,223,76
451,53,844,317,68,60,38
452,27,841,314,71,61,45
452,28,1131,433,101,66,108
452,49,1197,760,127,246,227
452,53,841,313,67,60,54
453,27,837,312,71,61,48
453,28,1125,427,97,64,91
453,49,1198,768,130,254,87
453,53,839,311,69,60,30
454,28,1114,421,94,62,135
454,49,1197,743,118,230,270
454,51,738,319,282,141,87
454,53,836,311,69,61,32
455,49,1196,734,115,221,97
455,51,732,318,288,145,65
455,53,833,309,68,61,38
456,49,1196,731,113,217,32
456,51,737,315,270,136,62
457,49,1196,733,116,221,21
457,51,731,316,284,144,65
458,49,1195,733,116,222,10
458,51,727,315,287,146,44
459,4,1205,792,147,280,43
459,49,1195,749,124,238,172
459,51,724,315,289,147,32
460,4,1201,789,142,276,54
460,49,1194,735,116,223,151
460,51,721,315,291,149,32
461,4,1201,792,144,280,32
461,49,1194,753,125,241,194
461,51,721,312,281,145,32
461,53,821,303,65,59,34
462,4,1201,792,143,280,0
462,49,1194,741,119,229,129
462,51,732,304,242,124,146
463,4,1201,790,142,278,21
463,49,1195,730,114,218,119
463,51,731,302,237,121,24
464,4,1201,792,141,279,21
464,49,1195,729,114,216,10
465,4,1201,794,143,281,21
465,49,1194,729,114,215,10
466,4,1203,791,140,276,38
466,49,1193,731,115,216,24
466,51,733,298,207,105,21
467,4,1202,785,137,269,65
467,49,1194,731,114,215,10
468,4,1201,782,135,266,34
468,49,1194,729,113,213,21
469,4,1204,784,137,267,38
469,49,1196,730,114,214,24
469,51,727,301,213,110,21
470,4,1206,786,139,269,30
470,49,1194,731,115,214,24
470,51,725,300,211,109,24
471,4,1205,785,139,267,15
471,49,1195,730,114,213,15
471,51,725,300,208,108,0
472,4,1205,787,139,268,21
472,49,1195,731,115,213,10
472,51,719,302,212,110,68
473,4,1206,786,140,266,15
473,49,1196,729,115,210,24
473,51,717,303,211,111,24
474,4,1204,788,140,268,30
474,49,1195,729,116,209,10
474,51,719,302,208,110,24
475,4,1200,788,139,267,43
475,49,1194,725,113,204,44
475,51,715,302,208,110,43
476,4,1198,789,139,267,24
476,49,1194,724,113,203,10
476,51,712,301,207,110,34
477,4,1198,792,139,270,32
477,49,1194,725,114,204,10
477,51,710,299,204,109,30
478,4,1198,794,138,272,21
478,49,1194,724,112,202,10
478,51,710,298,201,107,10
479,4,1197,793,136,270,15
479,49,1194,724,112,202,0
479,51,711,297,195,104,15
480,4,1196,794,135,271,15
480,49,1194,724,112,201,0
480,51,722,294,181,96,123
481,4,1195,794,134,272,10
481,51,710,295,193,103,130
482,4,1194,795,134,273,15
482,51,709,293,193,103,24
483,49,1195,740,122,219,173
483,51,710,294,195,105,15
484,49,1195,739,122,220,10
484,51,711,293,191,102,15
485,49,1194,750,127,231,119
485,51,711,295,194,106,21
486,49,1195,776,139,258,281
486,51,710,294,193,105,15
487,4,1192,725,106,209,55
487,49,1197,786,144,270,110
488,4,1193,724,106,208,15
488,49,1199,791,146,276,58
489,4,1192,719,105,204,55
489,49,1196,762,130,247,314
489,65,899,336,50,40,48
490,49,1194,738,119,224,260
490,65,896,335,50,40,34
491,49,1194,733,116,220,54
491,65,895,333,49,39,24
492,49,1194,729,115,216,43
492,65,894,331,48,38,24
493,49,1194,728,115,215,10
493,65,886,329,52,40,89
494,49,1194,728,115,214,0
494,65,882,328,51,40,44
495,49,1194,730,117,216,21
496,4,1202,792,141,278,45
496,49,1195,727,115,214,34
497,4,1206,792,142,279,43
497,49,1194,724,113,211,34
497,51,772,335,272,147,54
498,4,1206,791,142,278,10
498,49,1194,721,112,208,32
499,4,1207,792,143,279,15
499,49,1194,727,115,214,64
500,4,1202,791,141,277,55
500,49,1193,724,114,210,34
501,4,1201,792,141,277,15
501,49,1192,723,113,208,15
502,4,1201,795,143,280,32
502,49,1191,721,112,206,24
502,51,748,329,273,147,44
503,49,1189,721,111,205,21
503,51,737,328,287,154,119
504,49,1189,721,110,204,0
504,51,734,327,286,152,34
505,4,1195,786,133,268,44
505,49,1189,721,110,204,0
505,51,740,328,279,149,65
506,4,1198,790,135,271,54
506,49,1190,720,110,202,15
506,51,743,327,270,144,34
507,4,1199,790,134,269,10
507,49,1191,723,111,203,34
507,51,733,324,269,143,112
508,4,1199,791,135,270,10
508,49,1192,726,112,205,34
508,51,732,325,267,142,15
509,49,1191,726,113,205,10
509,51,728,323,266,139,48
510,49,1191,726,113,205,0
510,51,727,325,268,139,24
511,4,1200,794,136,271,21
511,51,723,324,269,138,44
512,4,1200,796,138,272,21
512,51,722,324,268,138,10
513,4,1196,794,136,270,48
514,4,1194,792,134,268,30
515,4,1192,791,133,267,24
516,4,1193,790,131,266,15
517,4,1193,791,132,267,10
517,51,721,324,258,133,10
518,4,1192,740,109,217,550
518,51,717,320,257,132,61
519,4,1192,729,106,206,118
519,51,715,318,249,127,30
519,66,1803,747,152,148,216
520,4,1191,723,103,200,65
520,49,1194,795,143,272,38
520,51,711,314,249,127,61
520,66,1783,750,176,168,218
